{
    "rust-threadpool-multi-phase": {
        "hdd": {
            "rw_buf_1mb_100ms_bgload_25-75": {},
            "lml-rw_buf_100ms": {},
            "lml-rw_100kb": {}
        },
        "ssd": {
            "rw_buf_1mb_100ms_bgload_25-75": {
                "800": {
                    "with_adapter": [
                        {
                            "adapter_version": "v-2",
                            "adapter_params": [
                                "2000",
                                "0.9"
                            ],
                            "avg_runtime_seconds": 87.43682612503169,
                            "runtime_stddev": 6.0589990218871534
                        },
                        {
                            "adapter_version": "v-2",
                            "adapter_params": [
                                "1000",
                                "0.95"
                            ],
                            "avg_runtime_seconds": 82.41020979088835,
                            "runtime_stddev": 1.604851905418043
                        }
                    ],
                    "without_adapter": []
                }
            },
            "lml-rw_buf_100ms": {
                "3000": {
                    "with_adapter": [
                        {
                            "adapter_version": "v-2",
                            "adapter_params": [
                                "1000",
                                "0.95"
                            ],
                            "avg_runtime_seconds": 309.257458882335,
                            "runtime_stddev": 5.608774621285817
                        },
                        {
                            "adapter_version": "v-2",
                            "adapter_params": [
                                "2000",
                                "0.95"
                            ],
                            "avg_runtime_seconds": 310.75357286024496,
                            "runtime_stddev": 10.854836437307316
                        },
                        {
                            "adapter_version": "v-2",
                            "adapter_params": [
                                "1000",
                                "0.9"
                            ],
                            "avg_runtime_seconds": 325.24125151153,
                            "runtime_stddev": 16.747164357374565
                        }
                    ],
                    "without_adapter": []
                }
            },
            "lml-rw_100kb": {
                "300000": {
                    "with_adapter": [
                        {
                            "adapter_version": "v-2",
                            "adapter_params": [
                                "1000",
                                "0.9"
                            ],
                            "avg_runtime_seconds": 272.76579107828,
                            "runtime_stddev": 7.898203755695345
                        },
                        {
                            "adapter_version": "v-2",
                            "adapter_params": [
                                "2000",
                                "0.95"
                            ],
                            "avg_runtime_seconds": 294.031725648065,
                            "runtime_stddev": 19.079268489075215
                        },
                        {
                            "adapter_version": "v-2",
                            "adapter_params": [
                                "2000",
                                "0.9"
                            ],
                            "avg_runtime_seconds": 328.069927473105,
                            "runtime_stddev": 46.74773894105093
                        }
                    ],
                    "without_adapter": []
                }
            }
        }
    },
    "rust-threadpool-single-phase": {
        "hdd": {
            "rw_100kb_100us": {},
            "rw_buf_1mb_100ms": {},
            "rw_buf_2mb_100ms": {},
            "rw_100kb_1ms": {},
            "rw_buf_1mb_50ms": {},
            "rw_4kb_100us": {}
        },
        "ssd": {
            "rw_100kb_100us": {
                "200000": {
                    "with_adapter": [
                        {
                            "adapter_version": "v-2",
                            "adapter_params": [
                                "2000",
                                "0.95"
                            ],
                            "avg_runtime_seconds": 248.03679831366665,
                            "runtime_stddev": 54.60620045480359
                        },
                        {
                            "adapter_version": "v-2",
                            "adapter_params": [
                                "2000",
                                "0.9"
                            ],
                            "avg_runtime_seconds": 246.30154559297333,
                            "runtime_stddev": 24.830993984177976
                        },
                        {
                            "adapter_version": "v-2",
                            "adapter_params": [
                                "1000",
                                "0.95"
                            ],
                            "avg_runtime_seconds": 222.74074505096166,
                            "runtime_stddev": 14.385871280021494
                        },
                        {
                            "adapter_version": "v-2",
                            "adapter_params": [
                                "1000",
                                "0.9"
                            ],
                            "avg_runtime_seconds": 203.46027546140337,
                            "runtime_stddev": 13.995876917510433
                        }
                    ],
                    "without_adapter": []
                }
            },
            "rw_buf_1mb_100ms": {
                "1000": {
                    "with_adapter": [
                        {
                            "adapter_version": "v-2",
                            "adapter_params": [
                                "1000",
                                "0.9"
                            ],
                            "avg_runtime_seconds": 103.54725281074,
                            "runtime_stddev": 3.540582386459321
                        },
                        {
                            "adapter_version": "v-2",
                            "adapter_params": [
                                "2000",
                                "0.95"
                            ],
                            "avg_runtime_seconds": 101.71249283715167,
                            "runtime_stddev": 0.33947595471601455
                        },
                        {
                            "adapter_version": "v-2",
                            "adapter_params": [
                                "1000",
                                "0.95"
                            ],
                            "avg_runtime_seconds": 104.82898211012167,
                            "runtime_stddev": 5.695190068122787
                        }
                    ],
                    "without_adapter": []
                }
            },
            "rw_buf_2mb_100ms": {
                "1000": {
                    "with_adapter": [
                        {
                            "adapter_version": "v-2",
                            "adapter_params": [
                                "2000",
                                "0.9"
                            ],
                            "avg_runtime_seconds": 126.910377090355,