{
    "rust-threadpool-single-phase": {
        "hdd": {
            "rw_2mb_oneshot": {},
            "rw_buf_2mb_oneshot": {},
            "read_2mb_oneshot": {}
        },
        "ssd": {
            "rw_2mb_oneshot": {
                "20000": {
                    "with_adapter": [
                        {
                            "adapter_version": "v-7",
                            "adapter_params": [
                                "1000",
                                "0.95",
                                "5000"
                            ],
                            "avg_runtime_seconds": 386.95028547801166,
                            "runtime_stddev": 24.026546220603773,
                            "avg_pool_size": 35.70982142857143,
                            "total_thread_creates": 131
                        },
                        {
                            "adapter_version": "v-7",
                            "adapter_params": [
                                "1000",
                                "0.95",
                                "3000"
                            ],
                            "avg_runtime_seconds": 361.41192135352327,
                            "runtime_stddev": 20.799999566218016,
                            "avg_pool_size": 24.382113821138212,
                            "total_thread_creates": 113
                        },
                        {
                            "adapter_version": "v-7",
                            "adapter_params": [
                                "1000",
                                "0.9",
                                "3000"
                            ],
                            "avg_runtime_seconds": 376.0664288735583,
                            "runtime_stddev": 25.785770360497633,
                            "avg_pool_size": 16.813432835820894,
                            "total_thread_creates": 108
                        },
                        {
                            "adapter_version": "v-7",
                            "adapter_params": [
                                "1500",
                                "0.95",
                                "3000"
                            ],
                            "avg_runtime_seconds": 377.4593143273766,
                            "runtime_stddev": 30.033321675597577,
                            "avg_pool_size": 16.3125,
                            "total_thread_creates": 88
                        },
                        {
                            "adapter_version": "v-7",
                            "adapter_params": [
                                "1000",
                                "0.9",
                                "5000"
                            ],
                            "avg_runtime_seconds": 372.95723474617665,
                            "runtime_stddev": 35.299839748386184,
                            "avg_pool_size": 24.874524714828897,
                            "total_thread_creates": 117
                        },
                        {
                            "adapter_version": "v-7",
                            "adapter_params": [
                                "1500",
                                "0.95",
                                "5000"
                            ],
                            "avg_runtime_seconds": 412.22572227247673,
                            "runtime_stddev": 78.67971442751625,
                            "avg_pool_size": 24.209424083769633,
                            "total_thread_creates": 113
                        }
                    ],
                    "without_adapter": []
                }
            },
            "rw_buf_2mb_oneshot": {
                "2000": {
                    "with_adapter": [
                        {
                            "adapter_version": "v-7",
                            "adapter_params": [
                                "1000",
                                "0.9",
                                "5000"
                            ],
                            "avg_runtime_seconds": 739.66567721198,
                            "runtime_stddev": 37.18074958567992,
                            "avg_pool_size": 3.370932754880694,
                            "total_thread_creates": 155
                        },
                        {
                            "adapter_version": "v-7",
                            "adapter_params": [
                                "1000",
                                "0.95",
                                "5000"
                            ],
                            "avg_runtime_seconds": 644.2435779234016,
                            "runtime_stddev": 17.433187115542026,
                            "avg_pool_size": 6.422382671480144,
                            "total_thread_creates": 108
                        },
                        {
                            "adapter_version": "v-7",
                            "adapter_params": [
                                "1500",
                                "0.95",
                                "5000"
                            ],
                            "avg_runtime_seconds": 384.16460993985,
                            "runtime_stddev": 28.541392463682087,
                            "avg_pool_size": 11.960629921259843,
                            "total_thread_creates": 67
                        },
                        {
                            "adapter_version": "v-7",
                            "adapter_params": [
                                "1000",
                                "0.95",
                                "3000"
                            ],
                            "avg_runtime_seconds": 539.6427407832017,
                            "runtime_stddev": 207.78571856840958,
                            "avg_pool_size": 28.02777777777778,
                            "total_thread_creates": 46
                        },
                        {
                            "adapter_version": "v-7",
                            "adapter_params": [
                                "1500",
                                "0.95",
                                "3000"
                            ],
                            "avg_runtime_seconds": 258.51961198167,
                            "runtime_stddev": 25.836202039370356,
                            "avg_pool_size": 22.976744186046513,
                            "total_thread_creates": 43
                        },
                        {
                            "adapter_version": "v-7",
                            "adapter_params": [
                                "1000",
                                "0.9",
                                "3000"
                            ],
                            "avg_runtime_seconds": 568.0448116572734,
                            "runtime_stddev": 96.15177733555309,
                            "avg_pool_size": 3.942857142857143,
                            "total_thread_creates": 143
                        }
                    ],
                    "without_adapter": []
                }
            },
            "read_2mb_oneshot": {
                "30000": {
                    "with_adapter": [
                        {
                            "adapter_version": "v-7",
                            "adapter_params": [
                                "1000",
                                "0.9",
                                "5000"
                            ],
                            "avg_runtime_seconds": 135.21145888723834,
                            "runtime_stddev": 9.466797897898259,
                            "avg_pool_size": 20.765217391304347,