{
    "node-io-benchmark": {
        "hdd": {
            "rw_nosync_2mb-node": {},
            "rw_sync_10mb-node": {}
        },
        "ssd": {
            "rw_nosync_2mb-node": {
                "20000": {
                    "with_adapter": [
                        {
                            "adapter_version": "v-7",
                            "adapter_params": [
                                "1000",
                                "0.9",
                                "5000"
                            ],
                            "avg_runtime_seconds": 234.00803197398167,
                            "runtime_stddev": 5.545671461833586,
                            "avg_pool_size": 10.866952789699571,
                            "total_thread_creates": 97
                        },
                        {
                            "adapter_version": "v-7",
                            "adapter_params": [
                                "1000",
                                "0.9",
                                "3000"
                            ],
                            "avg_runtime_seconds": 231.132551908,
                            "runtime_stddev": 4.196398993999229,
                            "avg_pool_size": 10.638766519823788,
                            "total_thread_creates": 96
                        }
                    ],
                    "without_adapter": []
                }
            },
            "rw_sync_10mb-node": {
                "2000": {
                    "with_adapter": [
                        {
                            "adapter_version": "v-7",
                            "adapter_params": [
                                "1000",
                                "0.9",
                                "3000"
                            ],
                            "avg_runtime_seconds": 131.23304767622997,
                            "runtime_stddev": 10.043491648308285,
                            "avg_pool_size": 10.067796610169491,
                            "total_thread_creates": 48
                        },
                        {
                            "adapter_version": "v-7",
                            "adapter_params": [
                                "1000",
                                "0.9",
                                "5000"
                            ],
                            "avg_runtime_seconds": 130.95490152853498,
                            "runtime_stddev": 10.593655290540894,
                            "avg_pool_size": 17.90740740740741,
                            "total_thread_creates": 49
                        }
                    ],
                    "without_adapter": []
                }
            }
        }
    },
    "rocks-io-benchmark": {
        "hdd": {
            "bulkload_nocompact": {},
            "fillseq": {}
        },
        "ssd": {
            "bulkload_nocompact": {
                "50000000": {
                    "with_adapter": [
                        {
                            "adapter_version": "v-7",
                            "adapter_params": [
                                "1000",
                                "0.9",
                                "3000"
                            ],
                            "avg_runtime_seconds": 150.81318827819,
                            "runtime_stddev": 12.073139056523766,
                            "avg_pool_size": 19.410852713178294,
                            "total_thread_creates": 72
                        },
                        {
                            "adapter_version": "v-7",
                            "adapter_params": [
                                "1000",
                                "0.95",
                                "8000"
                            ],
                            "avg_runtime_seconds": 142.358581484685,
                            "runtime_stddev": 7.401266879225508,
                            "avg_pool_size": 22.14074074074074,
                            "total_thread_creates": 71
                        },
                        {
                            "adapter_version": "v-7",
                            "adapter_params": [
                                "1000",
                                "0.9",
                                "8000"
                            ],
                            "avg_runtime_seconds": 139.87836166726834,
                            "runtime_stddev": 1.4848727996840356,
                            "avg_pool_size": 39.839416058394164,
                            "total_thread_creates": 103
                        },
                        {
                            "adapter_version": "v-7",
                            "adapter_params": [
                                "1000",
                                "0.9",
                                "10000"
                            ],
                            "avg_runtime_seconds": 147.75408503017164,
                            "runtime_stddev": 15.352167300034248,
                            "avg_pool_size": 8.154761904761905,
                            "total_thread_creates": 37
                        },
                        {
                            "adapter_version": "v-7",
                            "adapter_params": [
                                "1000",
                                "0.95",
                                "10000"
                            ],
                            "avg_runtime_seconds": 152.57536305761667,
                            "runtime_stddev": 11.415273253752979,
                            "avg_pool_size": 30.65909090909091,
                            "total_thread_creates": 78
                        },
                        {
                            "adapter_version": "v-7",
                            "adapter_params": [
                                "1000",
                                "0.9",
                                "5000"
                            ],
                            "avg_runtime_seconds": 137.51258062583165,
                            "runtime_stddev": 3.6811319244195486,
                            "avg_pool_size": 21.198275862068964,
                            "total_thread_creates": 59
                        }
                    ],
                    "without_adapter": []
                }
            },
            "fillseq": {
                "50000000": {
                    "with_adapter": [
                        {
                            "adapter_version": "v-7",
                            "adapter_params": [
                                "1000",
                                "0.9",
                                "5000"
                            ],
                            "avg_runtime_seconds": 137.61571774519498,
                            "runtime_stddev": 10.945885075644824,
                            "avg_pool_size": 12.34375,
                            "total_thread_creates": 60
                        },
                        {
                            "adapter_version": "v-7",
                            "adapter_params": [
                                "1000",
                                "0.9",
                                "10000"
                            ],
                            "avg_runtime_seconds": 131.44145362198833,
                            "runtime_stddev": 5.414723912520378,
                            "avg_pool_size": 14.104477611940299,
                            "total_thread_creates": 63
                        },
                        {
                            "adapter_version": "v-7",
                            "adapter_params": [
                                "1000",
                                "0.95",
                                "8000"
                            ],